"V1","V2","V3","V4","V5","V6","V7","V8","V9","V10","V11","V12","V13","V14","V15","V16","V17","V18","V19","V20","V21","V22","V23","V24","V25","V26","V27","V28","V29","V30","V31","V32","V33","V34","V35","V36","V37","V38","V39","V40","V41","V42","V43","V44","V45","V46","V47","V48","V49","V50","V51","V52","V53","V54","V55","V56","V57","V58","V59","V60","V61","V62","V63","V64","V65","V66","V67"
-7.38964445190504e-13,3044.68762290725,1647.14756001872,213655.10260753,16509.9424734782,597.344044555511,6268.77949985397,439.221974918532,2996.72486808813,628.416586231816,409.758367817879,670.522471514332,1394.22983365741,15613.1812831626,10682.1890619839,4545.86577853496,2301.54894434789,1342.35184063692,3574.49526496825,1041.64379839659,1486.55857837264,896.655072927442,205.891451051446,106.839108120217,462.461219660973,1978.49340142267,936.428408879315,4156.12061123067,163844.059226566,6603.19328005656,6575.53080015882,2102.36074489484,73507.0256895404,54768.5152004389,59565.4194112198,7050.99104195407,24541.3731766603,10091.0442131344,19902.1633790705,77106.823116131,39982.4750701551,14827.6307067355,7750.95035768059,356.234239226303,1223.31147816454,2508.15237123607,5445.59625538395,10511.8934638563,16268.1440049243,18804.6721090713,23574.5105612956,202219.91723834,82083.6183551109,44482.6177542665,18759.2217233234,771.599519882379,1978.87878716471,11491.7037272008,25707.8512858242,35345.0788600515,13665.496656239,8691.60827375224,2050.84571447009,100194.750527766,42398.3001066144,8992.12213894691,3122.47105819689
0,0,990.843832440106,20764.0739233417,1058.44763824201,115.071488055142,1422.19662599129,201.519805103557,2887.35981530377,1194.46321071279,713.568911781676,601.519492105208,2092.88770562841,11122.6595988774,6206.06157017596,6252.06231629188,1131.19646510096,1012.8656436276,3211.7890241063,1586.48628512815,2301.68262740863,1304.75233576619,793.351272415312,468.511111205896,1345.33978724627,2346.19671854919,1204.65109174003,4372.69791555065,21911.0759184013,2463.40401388272,4612.3378472217,3218.97446794293,13719.5556845565,15182.5790434635,17599.3333872764,7066.23682370791,10851.1638851571,9091.15941054523,12242.4415587222,20971.5440956434,16494.6112753191,12115.992590714,8711.59091553167,521.126574332182,2015.9888681463,3564.97503127215,5985.1476372304,8852.5144644815,11983.6674311377,12960.6208183381,15943.2829649984,39235.8572441308,33651.145840676,25092.4988111997,14836.4880255381,1192.56412383517,2727.3509561656,9131.24044706306,16115.5081671985,20260.2322316207,12146.1424865951,8697.29014062383,3038.46438260778,37176.5442711575,24750.4286919718,9096.97148732337,3664.29056894306
0,0,0,16394.7865904492,3532.88795021192,484.334194961117,1163.10184288668,199.331113829742,732.604239079766,418.837379477385,334.179446775856,230.573670730919,1866.77618644203,8603.13062900685,5780.02329937401,5199.61129047303,1681.18231184582,1174.75184360134,3103.22927962856,1433.7442351123,1915.16346497119,1140.91560389667,641.863880795019,378.061124307328,824.422767890858,1841.72580230098,979.99509165272,3503.06089079605,14638.248955057,3201.26161603158,3895.99301382059,2365.0769781524,9800.19608833403,10209.6521887381,12631.2897841922,5475.90386795041,6673.95324420198,6354.73677278272,8258.66673907318,14373.3437219505,11821.5333495311,9496.42735275122,7364.60418675172,563.935348135364,1721.76293493405,2826.85530759528,4525.08407999383,6732.91051889683,8871.13324384268,9865.1007105515,12062.1718043689,26439.7557459395,25097.6161227672,19534.3482662901,11831.7413617144,1256.28690848528,2253.57523184696,6785.7842840509,11593.8879900235,15036.890267782,9937.3119566917,7581.46521749688,2480.36148940259,28105.5104102754,19645.0147584588,7803.9187905682,3260.13347227631
0,0,0,0,49521.5842762439,2149.70109493346,43182.8087747211,4430.04276489218,32398.418136977,12646.7622858079,8144.60979454656,7072.58069207427,3417.42559167019,2070.75151856504,6076.7000439275,799.4756020221,3473.01507199002,1722.43233781569,6242.6127931387,1477.36024286292,4276.65298094889,3939.58418096199,2680.89920061969,1714.85917723007,3104.40850965078,2796.45397085306,5778.12208776557,3377.99444397519,26650.4042620345,19046.1473311074,8824.44954547431,3339.06866359127,17302.022072432,15184.9550558069,10307.8569839139,1379.72910589267,10787.8795491236,2093.90818836432,4885.64326121356,12950.6525292238,6520.25440817252,1033.64489345767,2474.33199049976,1103.5048499359,1776.99162780616,1597.06993296911,1649.56966816917,2108.56236572383,3447.82208414573,1887.42778634704,2665.5174896344,66422.7082411832,23632.352240852,15751.1443391324,5417.40137442374,1248.43902661366,523.695197972268,2356.26541445404,5287.54612262123,8763.39666778562,4263.54395610611,3806.2819736587,323.075122693637,41548.583179012,17095.7831015388,3458.230118133,1356.98289020685
0,0,0,0,0,61.1952928026542,4993.69573380273,751.576716543605,9449.36488511541,4340.424819482,2644.95786185122,1801.37438812224,4314.15360360241,18825.5687903223,12282.0802043841,9005.82374008931,1171.550431652,1266.8672856955,6617.04331639484,2857.03999177162,5235.01250234669,3041.53797098343,2054.03278402681,1250.09694072718,3107.60739919451,4228.16583233498,3235.00601420887,8764.27173152048,58661.4065461259,5331.55361003648,10771.0817134161,6752.68170711204,37336.889328822,38464.7097817508,41208.6123245929,12336.5672022006,27006.39916933,17651.6876470434,26189.1871592455,49249.5664623061,35403.2109007134,20717.5106500439,12517.9718101435,1008.50751015438,3696.16784584047,6780.43848114172,11476.5443115125,16205.0746920815,21970.2819092123,23767.3070682029,28436.1556193307,90013.8210715244,62914.1125557175,42527.4480128078,24147.2514297103,2081.01823886991,4502.68091495371,17421.9734502145,30309.2405274786,36584.0745768419,18534.3069431082,12168.7786890723,4809.96399608511,68291.5810910648,40439.1401103,12855.3862195896,4981.48792531299
0,0,0,0,0,0,342.52986357367,206.692648595199,838.46356150351,539.855102866745,429.102097233822,399.922515544891,605.985233517554,2134.50021001041,903.822427566273,2621.26590165289,320.292600151866,446.865042142394,619.758409302297,660.076484860548,653.575178992875,442.188782340829,395.376755507635,332.707756299012,607.419938577708,719.708951760384,484.189871180394,973.417925028457,2551.93139642035,368.079488919575,760.573102777555,837.382676013003,1644.85886155449,2067.22151969477,2284.09503248923,1754.97718859751,1640.73542646926,1822.46867054035,2088.55681079449,2784.01069075883,2446.33011489442,2515.45812197564,3541.20677690357,342.329862023747,650.25587925281,934.83691959411,1359.94799560368,1876.37548541399,2426.21403482467,2362.16260935089,2981.25981518183,5025.79638081157,5584.07206252634,5386.20934749141,3704.08633682257,465.806909920088,1026.02833394181,1839.72404363514,2988.13900834241,3819.31638252753,3783.45535645914,3840.91248875451,1279.83105979452,6418.33519983596,5797.21804210934,3831.76460826758,2052.05795402911
0,0,0,0,0,0,0,62.8914100795757,2069.64873626417,2392.30131773247,1076.14810683369,245.193709559103,4842.70546371058,19475.264257956,13895.8894836838,8599.13455218391,3066.47378698684,2427.49534749238,7747.39827629384,3403.62382604925,5068.06571690645,2853.99520192447,1599.42531913129,921.391707845457,2784.732561294,4963.48616261159,3291.39893938828,9114.3995463216,39261.0839187892,7651.59157920712,10191.0794852426,6351.48789747557,26162.5384333468,26979.2405229176,30469.0482769525,10589.2901648646,18679.4241165418,14401.3226383562,20332.3601472914,36498.5967128347,27672.6636244132,19003.011229413,11127.39480468,1364.40246996392,4087.80506124728,6387.60032815045,9862.65359203107,13473.6130992106,17698.1625329246,20412.3573365081,24573.5225806063,62111.3684237041,49614.8624836742,34461.6423639656,19999.6119673906,2597.87277275328,4224.22693702594,14573.2262765433,24134.0135425401,29105.2583914408,15846.1464836559,10488.9089195467,4314.60154868217,51625.4751340298,32496.046359686,11246.2275439224,4318.17995139134
0,0,0,0,0,0,0,0,321.108631718328,361.714604913223,180.045397910931,61.7639846018678,1016.6315336825,3858.05293400064,2004.91056221766,3596.62695636196,982.209189088944,924.407635087905,1256.06154780607,1050.12762398932,965.915603938232,601.386042504838,388.64018840511,268.976934190487,657.893019040224,1155.33813270766,634.894253536987,1668.24560948834,4138.31130078404,977.383582004991,1348.44262155765,1207.78091167961,2702.44613056936,3179.08919125171,3787.16011643295,2592.63956105738,2303.59363858163,2656.01437490458,3102.70479778171,4550.4351867605,3990.96553446993,4234.59382265818,4668.01419781151,515.096759439636,1048.30336109836,1430.78692043976,2023.89902414822,2837.13595446521,3599.98444529901,3906.38929018048,4897.24575693859,8033.62716517684,9105.19734135525,8154.23122599087,5428.88025111558,858.570051448603,1443.75669846525,2802.28928008529,4512.64344439238,5822.70864098173,5266.23602665748,4812.55286523932,1668.22837982328,9935.60459186397,8426.13928422018,4923.25888745286,2385.62663907809
0,0,0,0,0,0,0,0,0,864.660911560427,360.698625606351,197.141506820297,3228.74381127074,13814.6481690931,10440.9139833517,5504.96840874105,3443.60970109029,2266.18946499981,5743.87823560678,2180.80928178991,2929.57379576396,1817.0185490775,803.536090311567,403.311599789018,1389.67349160939,3338.33421392387,2044.70899148597,5804.87209975815,25430.161429759,7299.90429781046,6850.92164065187,3626.57165464756,17049.6315223453,16477.0962605717,19994.5951197416,6331.50478165104,10572.6935015258,8452.27946292465,12082.3794292613,23641.4578114654,17925.8983998898,12696.9048943339,7367.2690239993,973.388500621774,2617.89236328887,3687.65699190248,5661.3182433422,8231.74910675509,11037.4512825467,13400.1970038182,16473.7702273699,41961.6148777223,35260.9994274707,24371.6336252627,13473.5434801959,1816.59340839661,2409.32768109069,8823.02737917106,15406.494560736,19543.4653830328,10713.16418274,7354.90603005669,2390.10866491273,37507.1448800527,23401.5987038885,7750.39211687483,2874.19788280575
0,0,0,0,0,0,0,0,0,0,122.345180445682,428.618423731211,1039.54322447358,6598.00460958798,3886.57628253979,3917.14970878734,1527.50586567313,994.004403440728,1910.30041392751,808.825619356811,872.341388957135,581.207360008901,253.598866173466,112.082426925402,336.232574703219,1158.47605128424,366.238086713987,1981.94015300862,11066.6952169823,2453.75500008154,2293.04726394733,1252.52125488417,6814.90276719915,7076.29875827096,9317.95844735133,3760.25193018797,4487.60039421094,4360.19799183236,5696.90408777976,10759.3253042804,8656.53856479951,7084.15321598272,5794.96715671631,319.811340323359,1024.40780288045,1622.74968779659,2816.97768211611,4722.71031234667,6556.28891065183,7328.16915077071,9310.51116168756,22053.632056147,21051.1101972905,16274.4643648334,9363.40388419617,732.340307557642,1381.90930867996,4629.18113933591,8852.78872948159,12069.4124749026,7930.75973677007,6201.21244358586,1608.41619763798,24243.3605261278,16666.638853509,6329.20734300571,2559.85909413817
0,0,0,0,0,0,0,0,0,0,0,171.595756293428,1146.33046662352,5627.96476497774,3058.06977717624,3874.26797835062,1444.67084704498,1105.74259186448,1707.99516211076,995.236249089341,888.751913903184,509.304647711841,242.636947680401,96.6270056751488,508.041534221204,1253.72333224129,513.512240326195,1952.52098270534,7132.9688174855,1844.75666497859,1760.71036361789,1254.6354539961,4390.90792644364,4877.41687536909,6250.54623452154,3132.66540819794,3226.70756297525,3533.12684904213,4404.10607762824,7478.15999551673,6203.54453007343,5873.33507721114,5249.6625154963,424.965776484559,1096.38662286715,1504.67358238255,2385.90639569749,3729.90425672687,5046.10437152958,5694.23570075071,7282.88580730391,14468.5974443476,15126.7575066363,12347.597315846,7474.04573220194,806.666183164608,1294.53032469815,3682.09314223502,6700.85196603659,8974.65697809731,6642.3123694869,5408.68661409832,1518.93516791608,16861.6730667569,12628.6737849017,5573.04046458178,2295.56091299468
0,0,0,0,0,0,0,0,0,0,0,0,1513.73770296933,5443.94586679928,3192.43269960681,4191.02914281316,1539.55443069806,1258.5284124653,2007.9130652696,1359.97055583508,1316.62316203934,815.067347671056,493.54476782264,295.579203106641,823.158199862621,1561.69825893286,888.632448956112,2393.7680915972,6156.88375130559,1844.57456972845,2062.23679368363,1627.950267358,4092.09244831189,4565.75739363297,5600.75841136786,3340.67904835877,3170.01507711061,3565.39925945415,4277.11497116013,6614.8686770447,5732.26466134061,5762.4294640841,5404.61626632611,660.922721555395,1410.93328475875,1887.93605864335,2691.17606617063,3786.86255038987,4818.22056110654,5428.45764238051,6743.97664180361,11587.3675853986,12734.3652750847,10827.118145263,7028.91074348912,1144.74018878918,1684.86213098765,3779.72201230266,6134.47112918503,7912.8904458629,6460.31809927461,5471.17852797682,1870.38814533188,13771.1608012352,11015.374494573,5636.67365975679,2497.53422693201
0,0,0,0,0,0,0,0,0,0,0,0,0,2238.10549977254,459.334694812572,2302.35237633325,581.51022696717,295.314116637666,72.8382386262722,85.3559533438218,232.408649085308,342.708655249084,262.023987089775,241.753912279577,146.504934446582,190.744099987674,251.542628362668,277.833196975413,4664.68736791045,487.630756627906,400.279428367751,225.736271677473,2209.81129345159,3369.95074112265,4023.32648474132,2074.98775484727,2013.24514190254,1947.99274606283,2660.46300169453,4964.75561428619,4100.73565869384,3232.84377500077,4288.73214717882,36.3730037854437,92.234301767711,471.322625328199,1196.92912464608,2518.81996615489,3746.54856002153,3395.59689107516,4564.47727380605,12939.4007716748,12565.4565699477,11109.0015148991,6390.98663142731,89.8230887568712,783.321878411488,2306.06588959926,4970.18396840522,7320.2392947113,5778.5719400828,5250.82889675306,1007.34730670619,16488.435231199,12168.853569251,5073.65696879646,2299.54329179421
0,0,0,0,0,0,0,0,0,0,0,0,0,0,2687.80194088676,981.997728111323,2669.45031478726,1190.57757497502,3314.18344508974,928.260658809355,2772.06393347611,3137.38037943262,2416.83635722437,1638.40268433017,2084.0535090319,1621.68775873709,3417.91882608657,1675.12905732192,6173.0815251844,7258.13611141939,4209.02158943006,2091.12865259643,5229.67917749871,5772.42148966097,5740.68857009776,2199.23768627371,4418.22081002114,2205.85948582264,2984.83088862088,4890.12809063141,4615.17425121183,1529.10947838984,3093.94404373116,915.017860702652,1417.20452271659,1620.47918453921,2037.34163797438,3018.26318490151,3995.2641603255,2695.01915647656,2733.54116238366,15470.219588214,11943.8060888083,11232.4408604813,6043.38512474418,1204.01643878656,884.543717490794,2727.45910762432,4569.32780391082,7097.77225564539,4913.18279185734,4590.15485841656,763.708179725837,20706.0280569672,13292.7122099557,4162.57406832477,1795.72427666372
0,0,0,0,0,0,0,0,0,0,0,0,0,0,0,2105.84551721852,897.465371719154,453.906532400675,413.997012191268,271.647013383833,733.352989767074,864.488406910919,736.638529025665,557.753396106158,831.729768298763,423.966034048556,1331.65859695989,573.037408742253,12727.9619198531,2301.37178903215,707.705327950539,546.992663781844,5375.17606760943,8439.7391202835,8903.61682387021,2395.11584943068,4688.22816118139,2767.9765168124,5088.33312677604,11655.689549071,8300.71008714148,3991.17125426744,4356.42602167315,210.464464627639,137.406798866143,407.807809451939,1462.84770651083,3351.00455862388,5609.68457744075,4747.64278435273,6628.81410073403,34182.6435657752,24601.5544674222,18368.7241891703,8859.55194660285,98.2205853660936,597.935442115539,3320.61959530795,8374.38026942572,12392.4054639716,7018.47249410781,5527.28572759983,766.873730102957,33227.5684501171,19234.9749788794,5328.4064674071,2044.7853596324
0,0,0,0,0,0,0,0,0,0,0,0,0,0,0,0,3152.31001233832,2135.99280654446,2604.09748248769,1608.80733438588,2323.23930851489,2718.9739267004,2347.08364284188,1963.92960903552,2259.39111987056,2235.96340693959,2961.38065819564,1785.43769753246,660.29063279489,4155.77314040881,2429.80585121633,1977.38629100954,1209.99591373606,1116.12852492989,839.838699910171,898.582061151054,1464.82636979447,919.063292049887,865.648901576872,566.857398152318,735.195405741923,341.722858486054,499.969337784999,1609.70580646962,1857.5897715942,1536.10808337855,1176.12905018604,960.189207749638,813.43640774124,557.751868991799,301.861202914229,966.764405813865,628.206125225955,1195.47916884673,816.879304113646,1700.71404233557,998.522770054399,973.171726308164,590.909041176361,672.166952368085,827.515811305993,1451.15476752191,567.089602240411,2161.40154328124,1926.09709049611,1033.34419431379,743.887630959091
0,0,0,0,0,0,0,0,0,0,0,0,0,0,0,0,0,99.6308059147188,559.325408287937,489.799264465714,914.068127431308,645.39358325695,659.635736800176,527.98165190545,755.077225226493,542.92186900861,672.463395459992,1136.63667709077,5770.83034717023,275.580030241097,1099.98297357569,1069.2014630543,3504.80880067418,4675.50393270014,5028.18170863714,2961.59739666303,3393.52820404838,3216.07343312698,4096.3368050012,5959.22799151339,5092.00744042493,4015.53681940037,5047.83317748788,171.03752397775,537.718333183952,1234.00528092852,2266.98608434796,3474.22376550834,4762.83546262645,4242.43396835817,5326.51515914729,12350.1060213932,12033.7295067409,11059.918009042,7102.94139348793,295.165728388898,1241.26245828394,3369.56747342235,6004.77658204408,7917.39741877525,6402.06104392471,5723.36786341062,1565.96195818941,15161.1321940937,11967.2663967198,5598.97434957647,2599.19690298192
0,0,0,0,0,0,0,0,0,0,0,0,0,0,0,0,0,0,309.984700886278,191.771965452713,480.4609795728,485.48351774268,525.460606205868,448.201944990936,424.727771869203,239.050068541385,380.834766421485,505.455128684704,2893.44772955999,271.849519492802,622.20312321661,522.673456352778,1798.13103372367,2316.12267041957,2619.05575340895,1772.09868122982,1694.91952924462,1717.01368398915,2026.48622109285,2901.65745123016,2610.05531615444,2152.9962312016,3648.01680702751,94.3585322921432,285.397628141833,690.534189200572,1254.40340391429,2020.05304503694,2730.25340940173,2303.25729644383,2844.3625261057,6421.35220911911,6664.80460732977,6663.86920219843,4532.18339850353,210.893052488345,821.197277144382,1824.8355243216,3286.39658406356,4529.34154498591,4308.71798631478,4453.09975247533,1077.49174830157,8992.83254194048,7674.19690088178,4195.04116626135,2151.9450768812
0,0,0,0,0,0,0,0,0,0,0,0,0,0,0,0,0,0,0,157.527849751915,373.026291741186,374.681394676759,327.292900468884,292.713949807303,330.750736817352,232.399126125627,498.045944296406,499.370344117887,9594.9135230036,591.542770536906,493.216741860717,347.225635073093,4364.50122378171,6742.95707267096,7588.85184006056,2847.08942349717,3867.75052964125,3040.62367187481,4773.49741145155,9709.31705912857,7447.4024096987,4701.13061135175,5008.07498672932,60.0641396208472,49.0613521541981,578.092010046819,1745.29449256543,3686.38467693413,5717.12394513387,5229.65849961556,7038.51517569639,25233.5984594674,21070.3328023783,16821.1026296392,8891.04707801526,31.9205693143001,876.418721310235,3585.02174877742,8052.18166544818,11554.727457871,7446.06974215808,6046.49000999965,1103.42224438076,27220.3223356405,17685.7953976757,5917.53456904968,2429.78918784709
0,0,0,0,0,0,0,0,0,0,0,0,0,0,0,0,0,0,0,0,153.462204195833,356.127987595284,337.423546599843,292.68491288628,186.728841392489,132.461909335651,223.792690527231,102.210955404302,2112.16934339226,520.770316025479,323.216198366531,148.819761302601,1119.85156761353,1466.92981750491,1879.20636682338,1162.40411028924,996.818817430237,1024.76446022931,1201.60270238185,2077.37912450957,1836.32860902263,1582.65726787638,3035.91507613374,54.1079248100664,97.7351999715796,280.132127640569,641.047979578227,1362.74073452891,1991.6950180933,1674.44871964344,2216.2224488881,5728.25994825643,6125.4650235806,6040.15211782838,3794.88270640641,101.999378373267,477.1850712518,1137.59213789802,2494.60023267647,3801.76660888505,3670.96531137209,3913.80564278804,659.024580022931,8557.80732596321,7094.93212967375,3649.58306656693,1809.50417518155
0,0,0,0,0,0,0,0,0,0,0,0,0,0,0,0,0,0,0,0,0,174.994286823892,171.880947264023,127.561654730347,153.857977486713,271.309177513118,201.677430796084,336.863290586099,4857.2952457316,1171.333325161,215.135967305854,102.725097127489,2070.3738428528,2923.98451307382,3931.4481649136,1641.85982123515,1562.8502073324,1692.13777832009,2387.03947929717,4995.11567707422,3930.83340373723,3257.168475962,3927.36693067415,95.0461638805118,154.875708457828,234.725736984514,833.258159563351,2076.71292869309,3350.17031466267,3267.94003979755,4617.70712237127,13580.0107066618,13250.5757376964,11065.072961037,6118.97568859232,153.344994099023,460.102899683635,1867.12922281822,4777.74115353744,7232.52461169422,5333.8875966188,4682.46565227597,691.528666246293,16962.7024553839,12009.9635782663,4551.68240543082,1860.8209752796
0,0,0,0,0,0,0,0,0,0,0,0,0,0,0,0,0,0,0,0,0,0,55.9363399716035,55.4690366399295,202.005412028182,345.985980203736,187.135622128393,696.488856364491,4570.98817478218,601.041056790984,283.50819958379,307.113759753322,2121.26269553912,3152.64844788459,3853.63337760533,1886.67798864795,1745.95726530186,1984.98075165831,2790.37267389589,5071.50217369853,4066.67849669581,3646.48520505118,4227.74654661966,127.969583952878,231.517696610438,448.406059768815,1155.51300511588,2263.04119575398,3460.3815797829,3475.53949051501,4827.69619548982,11918.2114851947,12200.3616545836,10481.4574375406,6055.97730824763,181.315907321564,605.08585853794,2192.47447573658,4855.0376448736,6918.85827348498,5420.20479806384,4762.5369704174,867.341938451933,14805.857506803,11125.557201458,4697.98140292676,1953.99523513262
0,0,0,0,0,0,0,0,0,0,0,0,0,0,0,0,0,0,0,0,0,0,0,17.5519375831559,133.742444042039,380.546540928961,147.06631696937,583.047739255341,2732.23702235416,422.67506654358,293.96473414565,281.265987626962,1309.89244523249,1923.64745867944,2385.83380382249,1430.54975044713,1120.56102160945,1384.09343009491,1815.26915914645,3151.1218876437,2620.93708889022,2719.29449824479,3554.84676743373,138.54839965314,242.803016095049,410.098868077378,861.92520374356,1617.34795324412,2371.80028691218,2448.26221142727,3396.13921577859,7131.58485769655,7959.51988752216,7215.1086212797,4340.47641382996,206.073423439357,603.189608212712,1560.34543808471,3235.81045776918,4620.57805424961,4208.91150802385,4067.34785409059,800.409147734859,9473.52142520923,7756.16617293076,3990.72634366431,1836.87884741844
0,0,0,0,0,0,0,0,0,0,0,0,0,0,0,0,0,0,0,0,0,0,0,0,116.438950765074,295.788794184563,101.159244879792,417.914844600534,1666.71845733783,373.738340819965,229.834250667117,224.983788356068,844.710685617621,1149.9193882307,1476.0400086614,985.754107098492,701.449676075054,936.254801821988,1146.76996499643,1909.51146467395,1614.24442862571,1850.71477682963,2839.24427220328,133.770570007168,238.532260707876,317.541755074142,596.20781385672,1084.84678902181,1554.15891101209,1623.99809392399,2238.57736084658,4218.55495388171,5009.23011634063,4741.28187162253,2976.24768322973,209.660081091948,451.054131020681,1014.30592920182,2067.3859285606,2974.15033711412,3047.90543068345,3254.30561149486,643.670563384564,5930.2969526428,5196.23795944984,3177.10678555832,1556.98775365698
0,0,0,0,0,0,0,0,0,0,0,0,0,0,0,0,0,0,0,0,0,0,0,0,0,199.603525723186,85.13448554324,363.782398667841,3167.60522774737,659.120944877441,416.765877520171,162.169733848227,1634.93682798436,2159.97514389835,2894.04970914178,1632.69168063755,1159.02178685673,1415.28200025513,1789.41052339003,3410.98242504869,2923.43073574151,2780.36886662318,3824.80303482174,92.9497770255858,190.395124596787,428.420194898199,933.897727000949,1917.68463243434,2750.71209541063,2720.72219026865,3621.88516661946,8437.35886021274,9163.21321602119,8353.47408707514,5062.14586436629,238.255571759031,664.196810544128,1702.85963236394,3569.2228282004,5346.79654510026,4740.36608982746,4586.91993723009,875.886009712267,11700.070933515,9250.836975959,4423.48061532111,2058.41565282636
0,0,0,0,0,0,0,0,0,0,0,0,0,0,0,0,0,0,0,0,0,0,0,0,0,0,310.46343631567,270.400620776063,4309.93430519153,748.829379268636,372.659928984445,197.023267054776,2197.89076746161,3133.35984248139,3780.81100219456,1864.45776427155,1716.8829555069,1715.63429376101,2400.61261713841,4428.18675413693,3731.72604499288,2850.89109680766,4076.28792768534,88.4099381576429,106.670729366536,404.08616472473,1124.60202038871,2319.311103893,3444.74303931286,3033.36782462831,4038.83334165035,11549.4035633204,11460.5493072943,10353.1116825754,6142.12297585897,157.220547442369,592.191568258134,2072.88542847096,4501.68051059764,6713.60724275831,5418.58203920781,4992.64904389491,856.669134553577,15379.7876674848,11495.2065352309,4772.68569301554,2079.17951143544
0,0,0,0,0,0,0,0,0,0,0,0,0,0,0,0,0,0,0,0,0,0,0,0,0,0,0,640.607927191401,6374.12272943216,783.142116845934,726.653824189603,390.035722093882,3429.51233523692,4157.17512548443,5428.60393282727,2518.97281717871,2536.5199513316,2634.93378791614,3412.41633068964,6356.52230723636,5218.63126807779,4389.37457365152,4824.48455255307,61.8014514156044,313.053397741818,723.19272605338,1605.21522473733,3101.37915010731,4513.70532178662,4531.00275028533,5952.87156388607,14931.6640590068,14794.2708056134,12424.8194568872,7296.11274432697,240.94427665906,864.418314361668,2865.17732162905,6039.91016851347,8627.9929087895,6401.96625857331,5486.16861894762,1153.47321613944,18312.4778219222,13325.3872326966,5431.27943807049,2310.86330355938
0,0,0,0,0,0,0,0,0,0,0,0,0,0,0,0,0,0,0,0,0,0,0,0,0,0,0,0,5029.27202246554,2172.28669282354,605.97164969058,193.6781195353,2234.2719082244,3254.95254109735,4175.72487537675,1629.67204328531,1805.29221271528,1474.1989601271,2109.56464365397,4856.12599802478,3816.63371486124,2541.15118332713,3732.5953647176,165.702908609475,208.450292159993,285.88454778236,800.844685380648,2150.45776259552,3444.17053383885,2938.72047384078,4085.76386883221,15630.4847777647,13996.6167632691,11823.709377235,6178.46642380152,214.449072563011,459.570195068189,1811.76563622223,4697.24477650566,7524.0838543431,5359.03512375837,4814.35387368455,648.659153871181,19715.0626104926,13208.6194058002,4602.26967823597,1937.49127482649
0,0,0,0,0,0,0,0,0,0,0,0,0,0,0,0,0,0,0,0,0,0,0,0,0,0,0,0,0,26305.8519541808,11830.7890724248,4005.10772557922,8103.42810023963,3305.03380949686,1335.59901512167,472.842303322133,5549.17203832307,757.82252160542,1218.95707467513,1754.77280862371,797.570435014259,850.398845774035,1502.46626088065,1506.29485354574,2707.64103965236,2047.27844715641,1109.80122629639,593.966813419879,623.353682569746,549.139512679438,1024.15589179939,26408.0724361682,11631.2998040765,8640.91583922918,2359.81507736007,2012.31692409445,584.395577059469,730.744421289588,874.205463951815,3034.89360516507,2252.47855523455,2626.60430197454,150.841755193962,24538.3240190509,10313.4153262181,2296.00699140301,965.710862728985
0,0,0,0,0,0,0,0,0,0,0,0,0,0,0,0,0,0,0,0,0,0,0,0,0,0,0,0,0,0,2229.17797553677,1421.10730725151,13725.0571284047,17584.2904975794,19054.258122315,5716.15489480618,10579.3870338486,7120.45444635139,11516.1724125701,23957.0059166455,17376.0011153475,9610.29047808426,7414.80669417204,101.69960531755,434.83932445872,1846.38233887405,4304.33873351852,7581.78705197439,11201.5136197373,11116.4549160787,14084.3864400588,53883.8114770811,38886.6854330831,27911.2235039296,14631.8186558438,209.421632091425,1843.49398338201,7899.83463806932,15988.2540348695,21180.07178672,11554.4831809487,8346.12010817926,2075.74747113565,46852.3720980746,27796.8659747998,8406.22449591648,3327.65007586815
0,0,0,0,0,0,0,0,0,0,0,0,0,0,0,0,0,0,0,0,0,0,0,0,0,0,0,0,0,0,0,195.318298983096,4114.78112307542,6735.21342374848,7987.79219312597,1934.20354528866,2991.81201085217,2302.60885412865,4438.82221846535,11324.9634859957,7641.25878664011,4446.72917416127,4243.74834846358,174.401121480432,134.144118220617,136.441815144927,991.626604585491,2718.6044045835,4858.91630613198,4723.47160458186,7006.18449591192,32668.0676734276,24605.5495590334,17512.6360942522,8312.75883847137,127.762803573642,389.22077196411,2697.87528983793,7780.55237123867,11708.2124678272,6537.93242746906,5097.96651409508,622.0718687628,31310.0657131032,17998.0153180341,4984.51082071505,1839.75261233982
0,0,0,0,0,0,0,0,0,0,0,0,0,0,0,0,0,0,0,0,0,0,0,0,0,0,0,0,0,0,0,0,1547.2277614123,2559.10085375331,3388.91355503113,1445.27986502885,1116.6904222156,1236.35101916278,1880.09642267373,4311.03825486956,3442.06145062851,2713.27938063226,3700.08986325865,143.227678958007,90.6744881327146,142.769384015479,647.511466932575,1827.72250020814,2983.00130301194,2753.12829758944,3931.42745217256,12881.3080560761,12503.522420384,10732.3950541918,5824.04066444715,186.250279522547,421.437609443071,1589.14663625651,4213.90829256009,6666.29485058298,5097.18582108789,4628.40637104966,604.382098227965,16775.5497627564,11821.1455036228,4421.67811782721,1850.78134862694
0,0,0,0,0,0,0,0,0,0,0,0,0,0,0,0,0,0,0,0,0,0,0,0,0,0,0,0,0,0,0,0,0,2821.10034620965,2991.91174923188,404.61947755256,1400.72410067938,310.689145796379,1429.5289216233,7248.97119424097,3070.71316925999,1798.68157161656,2378.18730730856,796.299911096628,1166.68596274816,515.005149177422,105.690665114944,557.480190788738,1589.05120916252,1433.35496173013,3148.99278889009,44154.8358768839,21208.5547040461,13340.8545099257,4522.29057184897,926.639298042552,222.158765142113,549.695101001612,3373.13772395673,6853.62593955485,3727.14668952289,3413.75456216039,116.910725235667,32825.5778382141,14297.3904788315,3165.85823179285,1212.51485179445
0,0,0,0,0,0,0,0,0,0,0,0,0,0,0,0,0,0,0,0,0,0,0,0,0,0,0,0,0,0,0,0,0,0,1001.63856396597,141.883888207707,1731.09818827943,449.390827294716,536.080993238676,2204.45467661598,834.33686454453,1418.54512212767,1740.51086661562,1112.03801515954,2026.97965260989,1206.08818814078,406.302683060856,206.440872159929,529.459903262091,854.51728222094,2003.8197958151,19075.8749415312,12835.1533042694,8281.93729336049,2949.26455675392,1531.64883071567,284.753716314984,84.8996851507766,1349.01386196457,3718.02717625398,2437.84862253296,2612.30041194981,72.1050203863694,20473.8026485792,9646.90104544458,2339.34031219944,912.348079782876
0,0,0,0,0,0,0,0,0,0,0,0,0,0,0,0,0,0,0,0,0,0,0,0,0,0,0,0,0,0,0,0,0,0,0,101.284802458384,3239.67035593276,637.483085167853,1222.44768461921,1518.15450887556,446.228708032248,918.152267313907,1372.4158146118,1351.94952624624,2369.64530983,1577.13094230957,713.837702410739,109.756283852194,212.011897475934,255.730205875219,1143.60714860552,14148.9225688132,9649.13844015704,6850.77120815973,2163.26863758369,1721.61303206234,377.580083454114,278.125816476722,811.67461547421,2457.67058392604,1919.33769192415,2302.59606215807,47.2818206181217,16758.0605097926,8098.91660864837,1987.31456037818,810.916485467467
0,0,0,0,0,0,0,0,0,0,0,0,0,0,0,0,0,0,0,0,0,0,0,0,0,0,0,0,0,0,0,0,0,0,0,0,495.332998143677,249.553807078371,413.329633183175,513.380609752038,224.1623478557,586.484992441443,1299.10056228565,957.295940481545,1348.66006116322,676.119650213603,235.612352609164,11.8718708192824,151.631217593257,206.977777318229,704.528415500148,2885.60195845102,3605.07327706581,3325.85864415272,1466.33665345275,1098.37051348701,148.797360077837,51.2097097462514,501.54568405171,1246.60091063022,1442.02181498857,1989.62590802277,8.5555655692922,5520.37230471793,4155.36880638516,1717.62607798835,742.172839976548
0,0,0,0,0,0,0,0,0,0,0,0,0,0,0,0,0,0,0,0,0,0,0,0,0,0,0,0,0,0,0,0,0,0,0,0,0,279.068709947329,969.382957147963,5281.64816430375,3003.88227121929,2198.94484418032,2559.15723853101,748.816855565425,1109.76894235778,472.373843383548,175.932520998565,725.729468459386,1646.87392114873,1853.66426478262,3392.98692693298,24983.7238287137,17683.0387500223,11914.6483866373,4795.35852773993,1000.28391748147,201.987799337757,567.744009878209,3165.43752176702,6378.76423336649,3801.71155537833,3472.07667789685,159.252515798534,25378.2810819666,12908.7218969394,3230.47955886594,1220.55202099074
0,0,0,0,0,0,0,0,0,0,0,0,0,0,0,0,0,0,0,0,0,0,0,0,0,0,0,0,0,0,0,0,0,0,0,0,0,0,196.110390018987,1039.32140738985,755.012699457001,831.736062354443,1889.91724040699,869.68258433367,1168.79802570125,577.544708917061,180.588387937346,333.673065023383,679.102615183002,547.055244553894,1211.59098519063,7348.03248213032,7369.14366604335,6520.77343181622,2843.50061461996,1058.79436713237,236.977639818185,233.859376604542,1150.04175638741,2845.05943455083,2598.49494860371,2905.97166655967,99.3509153382574,11899.3459165336,7787.0446868765,2584.64639051408,1095.39437516166
0,0,0,0,0,0,0,0,0,0,0,0,0,0,0,0,0,0,0,0,0,0,0,0,0,0,0,0,0,0,0,0,0,0,0,0,0,0,0,924.359113160707,775.542672753581,881.312716924109,1889.59691172849,1024.05607746909,1661.0661491295,1020.94728843904,416.820186098433,569.155864904053,869.566937185279,779.198461750911,1338.70642108495,10457.9472967881,9116.51489539732,7553.9157671111,3028.12898031111,1395.58197140156,368.631328450066,328.90092454804,1203.54983559759,3382.20357106296,2721.82376251409,2982.70521937309,156.935843008907,16015.0014475625,9245.21151994732,2664.46465636772,1116.13012082491
0,0,0,0,0,0,0,0,0,0,0,0,0,0,0,0,0,0,0,0,0,0,0,0,0,0,0,0,0,0,0,0,0,0,0,0,0,0,0,0,395.838534285049,501.592610922481,1251.10998200073,1612.62935274647,3036.98551830523,2352.9538566525,1374.67726629388,735.840207991525,561.897293913626,416.51592398675,492.876101031449,11878.3336286201,7618.83856335799,6210.63193748466,2023.40066123668,2252.74959333468,627.370245370476,712.144594484018,394.034366411018,2106.40721747805,1834.46935310181,2365.8379258997,174.676538429266,17518.9460488198,8271.55790711489,1996.03411849786,860.71419786833
0,0,0,0,0,0,0,0,0,0,0,0,0,0,0,0,0,0,0,0,0,0,0,0,0,0,0,0,0,0,0,0,0,0,0,0,0,0,0,0,0,591.885193987197,1277.38818494598,1408.06700065669,2565.93200610755,1785.31420005151,881.261997217244,307.929351254399,259.171376059227,277.323151888037,743.389995046675,8137.8002756948,6699.25945933685,5396.88052313053,1736.58453841797,1884.94823157979,420.276334634807,305.761691584429,413.269175793284,1805.76149743921,1658.60538215958,2206.75641215431,88.3499835233614,13120.3316451049,7004.95471004819,1893.03914642057,803.728858882256
0,0,0,0,0,0,0,0,0,0,0,0,0,0,0,0,0,0,0,0,0,0,0,0,0,0,0,0,0,0,0,0,0,0,0,0,0,0,0,0,0,0,1199.01792076243,1375.28855855181,2139.48491709353,1603.08415562967,1055.59856591257,786.6800831411,824.669632290751,240.015408713786,158.525699892691,4265.28569446018,3615.03500558018,4154.90893556312,1849.57925723291,1679.80073855049,541.357180207658,731.451407206775,742.023516335825,1682.81111715663,1708.9807927054,2348.33272822873,216.311605336496,8529.92916499727,5786.61684957592,1928.21979310367,906.012131407006
0,0,0,0,0,0,0,0,0,0,0,0,0,0,0,0,0,0,0,0,0,0,0,0,0,0,0,0,0,0,0,0,0,0,0,0,0,0,0,0,0,0,0,2692.38712922249,3462.49968636563,2761.12911097284,2094.69678134428,1366.2660621124,1006.6884124625,1166.10214280949,936.803806611531,331.059338361892,174.363199889029,182.793330681428,333.987943611169,2979.70374613026,1556.43557311595,1578.63408606979,840.229618790002,428.282523892549,173.310452340982,377.084755339031,891.234518390492,451.780620200219,389.491596175428,141.623392005901,187.430230086525
0,0,0,0,0,0,0,0,0,0,0,0,0,0,0,0,0,0,0,0,0,0,0,0,0,0,0,0,0,0,0,0,0,0,0,0,0,0,0,0,0,0,0,0,80.6869332477986,258.666313096561,563.210806060171,1068.99614332094,1522.62783018744,1348.3765118999,1793.39129124777,3871.35367961837,4339.91100884946,4382.74521566397,2874.00429257148,55.4436998240167,433.546786499238,936.290607998608,1904.65395306636,2776.29135110187,2935.08706964159,3349.09717607088,645.039454655595,5707.40086139557,5081.83525118392,3144.54086437849,1679.31442540089
0,0,0,0,0,0,0,0,0,0,0,0,0,0,0,0,0,0,0,0,0,0,0,0,0,0,0,0,0,0,0,0,0,0,0,0,0,0,0,0,0,0,0,0,0,208.839391319352,715.071022832555,1591.17703567646,2458.55671940248,2109.92984867788,2956.55370657815,8256.96912222998,8541.1795164057,8054.33914716807,4757.0977884596,56.8609391390174,493.794196696843,1445.07066055449,3296.07622948262,4966.27153174681,4434.01453579579,4364.2865512909,677.148586334218,11475.0810950676,9032.84974328291,4116.40711228287,1894.29859925338
0,0,0,0,0,0,0,0,0,0,0,0,0,0,0,0,0,0,0,0,0,0,0,0,0,0,0,0,0,0,0,0,0,0,0,0,0,0,0,0,0,0,0,0,0,0,200.112964737638,857.97664139309,1638.14012820396,1422.78188450728,2357.83526740902,8005.47561066387,8302.29163032613,7438.81089647865,3949.49787433312,233.225395939881,155.489061308466,732.237312039623,2508.00256366553,4214.93416825058,3603.97341019591,3592.44491408866,289.318693527967,11361.5764595511,8404.4871671411,3357.81895935965,1417.26386123225
0,0,0,0,0,0,0,0,0,0,0,0,0,0,0,0,0,0,0,0,0,0,0,0,0,0,0,0,0,0,0,0,0,0,0,0,0,0,0,0,0,0,0,0,0,0,0,314.756070424135,837.596705336278,757.23690942376,1588.35198214225,6790.42851148643,7135.6101663598,6242.94705714828,2923.48525232614,633.438630733251,101.666440545575,204.598601869043,1517.93643871773,3077.4771003273,2716.05782317623,2933.93362841557,100.746838856789,10383.6368678466,7285.14193983414,2679.44158682641,1120.52721425568
0,0,0,0,0,0,0,0,0,0,0,0,0,0,0,0,0,0,0,0,0,0,0,0,0,0,0,0,0,0,0,0,0,0,0,0,0,0,0,0,0,0,0,0,0,0,0,0,155.465077572858,277.212468289793,920.198013565909,4041.35348352089,4724.72030001107,4093.07611965995,1665.4094237702,1260.62822334053,205.906102544716,86.0545484894293,626.882935399475,1524.72841711964,1593.09879247804,2072.39382026283,11.9780683911237,7147.64744043132,4968.10818715982,1801.14265141925,754.786968691965
0,0,0,0,0,0,0,0,0,0,0,0,0,0,0,0,0,0,0,0,0,0,0,0,0,0,0,0,0,0,0,0,0,0,0,0,0,0,0,0,0,0,0,0,0,0,0,0,0,301.742289586288,701.611959437491,2658.96172026405,3495.75081506525,3057.83133881765,1079.84294972245,1922.84465409807,462.373577501463,332.432208779564,208.721799648448,770.806529987621,1084.49939288048,1723.89400961061,78.345368860766,5923.1678372291,3989.25556511349,1429.2033087042,627.302370053489
0,0,0,0,0,0,0,0,0,0,0,0,0,0,0,0,0,0,0,0,0,0,0,0,0,0,0,0,0,0,0,0,0,0,0,0,0,0,0,0,0,0,0,0,0,0,0,0,0,0,285.025493823616,4709.67095335868,4497.62625775298,4372.324680746,1695.62491835479,1633.91026794193,391.149601474767,354.573613094561,474.456095529642,1440.01515830832,1565.490815912,2158.29263877491,68.68040160102,8988.55910312098,5728.98049037251,1780.75532714395,787.5837139353
0,0,0,0,0,0,0,0,0,0,0,0,0,0,0,0,0,0,0,0,0,0,0,0,0,0,0,0,0,0,0,0,0,0,0,0,0,0,0,0,0,0,0,0,0,0,0,0,0,0,0,3647.69138006428,3014.94091211752,3663.10036077983,1504.35931400137,2300.5979238864,767.571497573702,1007.0515882943,459.506968366279,1143.05901316119,1347.6430601264,2061.18108516447,249.328892357363,8381.99023989952,5317.29454927981,1619.23161714038,771.058389994277
0,0,0,0,0,0,0,0,0,0,0,0,0,0,0,0,0,0,0,0,0,0,0,0,0,0,0,0,0,0,0,0,0,0,0,0,0,0,0,0,0,0,0,0,0,0,0,0,0,0,0,0,1420.38785212822,715.743674904609,434.706363587742,5699.81919462988,2279.19345154924,5508.30564749443,2254.47466552078,506.77946825584,174.477940777981,895.827763380472,909.814634580645,4502.83331482695,1965.77331251835,585.670959773612,321.362846177424
0,0,0,0,0,0,0,0,0,0,0,0,0,0,0,0,0,0,0,0,0,0,0,0,0,0,0,0,0,0,0,0,0,0,0,0,0,0,0,0,0,0,0,0,0,0,0,0,0,0,0,0,0,743.816559873202,555.711593773776,6071.45435807992,2785.66921801366,5936.98405133811,2807.11345731144,1078.88418566547,267.598542292899,912.957090298148,1257.82229611727,3997.7817819442,2087.76816713142,552.636970736046,368.983093559859
0,0,0,0,0,0,0,0,0,0,0,0,0,0,0,0,0,0,0,0,0,0,0,0,0,0,0,0,0,0,0,0,0,0,0,0,0,0,0,0,0,0,0,0,0,0,0,0,0,0,0,0,0,0,508.280204688126,5926.23259861802,2795.13783724033,5064.7125673922,2830.66752771355,1186.00742350937,73.538414056394,452.476665028166,1374.19720534067,762.238653042143,452.289838532643,236.44636132181,178.441502702837
0,0,0,0,0,0,0,0,0,0,0,0,0,0,0,0,0,0,0,0,0,0,0,0,0,0,0,0,0,0,0,0,0,0,0,0,0,0,0,0,0,0,0,0,0,0,0,0,0,0,0,0,0,0,0,3619.24170334405,1558.28637246016,2160.18034501558,931.039582886068,291.769966018096,158.401583119918,743.151071046804,689.447046032117,1216.35908225056,955.557561418157,561.119845059136,333.689656813222
0,0,0,0,0,0,0,0,0,0,0,0,0,0,0,0,0,0,0,0,0,0,0,0,0,0,0,0,0,0,0,0,0,0,0,0,0,0,0,0,0,0,0,0,0,0,0,0,0,0,0,0,0,0,0,0,427.368082181135,1166.68046398411,2544.73129573547,3713.45763688268,3559.78345678302,3726.19961322945,623.806908081918,7999.64118247503,6713.54273049127,3514.01662307659,1713.76070602575
0,0,0,0,0,0,0,0,0,0,0,0,0,0,0,0,0,0,0,0,0,0,0,0,0,0,0,0,0,0,0,0,0,0,0,0,0,0,0,0,0,0,0,0,0,0,0,0,0,0,0,0,0,0,0,0,0,162.119202578911,754.853733497786,1373.5957037198,1584.47405714269,2127.01724793177,76.3661524136108,3982.98776468453,3449.63839669826,1904.27153055499,878.332905926695
0,0,0,0,0,0,0,0,0,0,0,0,0,0,0,0,0,0,0,0,0,0,0,0,0,0,0,0,0,0,0,0,0,0,0,0,0,0,0,0,0,0,0,0,0,0,0,0,0,0,0,0,0,0,0,0,0,0,794.454081717901,2100.57802159766,1962.13058609106,2384.16209643644,29.759027881083,9429.34163010637,6226.80201960579,2094.75097526416,868.316888940858
0,0,0,0,0,0,0,0,0,0,0,0,0,0,0,0,0,0,0,0,0,0,0,0,0,0,0,0,0,0,0,0,0,0,0,0,0,0,0,0,0,0,0,0,0,0,0,0,0,0,0,0,0,0,0,0,0,0,0,509.468132884853,960.751055889158,1722.19981538144,206.754069517078,6702.47645457626,4177.02650747634,1374.66511077058,643.473263099237
0,0,0,0,0,0,0,0,0,0,0,0,0,0,0,0,0,0,0,0,0,0,0,0,0,0,0,0,0,0,0,0,0,0,0,0,0,0,0,0,0,0,0,0,0,0,0,0,0,0,0,0,0,0,0,0,0,0,0,0,312.199530545662,1102.87055262964,482.579981127002,3388.25424394763,2154.49496775634,778.293431799525,412.510702308863
0,0,0,0,0,0,0,0,0,0,0,0,0,0,0,0,0,0,0,0,0,0,0,0,0,0,0,0,0,0,0,0,0,0,0,0,0,0,0,0,0,0,0,0,0,0,0,0,0,0,0,0,0,0,0,0,0,0,0,0,0,450.780341223834,790.756773185493,354.995243255213,312.848696033921,247.782727778208,181.414286526175
0,0,0,0,0,0,0,0,0,0,0,0,0,0,0,0,0,0,0,0,0,0,0,0,0,0,0,0,0,0,0,0,0,0,0,0,0,0,0,0,0,0,0,0,0,0,0,0,0,0,0,0,0,0,0,0,0,0,0,0,0,0,1444.31456482746,210.607724567998,188.810463619549,97.0161801109672,35.0453513638832
0,0,0,0,0,0,0,0,0,0,0,0,0,0,0,0,0,0,0,0,0,0,0,0,0,0,0,0,0,0,0,0,0,0,0,0,0,0,0,0,0,0,0,0,0,0,0,0,0,0,0,0,0,0,0,0,0,0,0,0,0,0,0,1984.71643266665,1836.28907783996,1195.46570952547,624.789146842357
0,0,0,0,0,0,0,0,0,0,0,0,0,0,0,0,0,0,0,0,0,0,0,0,0,0,0,0,0,0,0,0,0,0,0,0,0,0,0,0,0,0,0,0,0,0,0,0,0,0,0,0,0,0,0,0,0,0,0,0,0,0,0,0,22.7603314160089,162.505907335737,75.776479745909
0,0,0,0,0,0,0,0,0,0,0,0,0,0,0,0,0,0,0,0,0,0,0,0,0,0,0,0,0,0,0,0,0,0,0,0,0,0,0,0,0,0,0,0,0,0,0,0,0,0,0,0,0,0,0,0,0,0,0,0,0,0,0,0,0,144.856647592892,80.3349770149258
0,0,0,0,0,0,0,0,0,0,0,0,0,0,0,0,0,0,0,0,0,0,0,0,0,0,0,0,0,0,0,0,0,0,0,0,0,0,0,0,0,0,0,0,0,0,0,0,0,0,0,0,0,0,0,0,0,0,0,0,0,0,0,0,0,0,45.3858210471867
0,0,0,0,0,0,0,0,0,0,0,0,0,0,0,0,0,0,0,0,0,0,0,0,0,0,0,0,0,0,0,0,0,0,0,0,0,0,0,0,0,0,0,0,0,0,0,0,0,0,0,0,0,0,0,0,0,0,0,0,0,0,0,0,0,0,0
